GROUP,PACKAGE,CLASS,INSTRUCTION_MISSED,INSTRUCTION_COVERED,BRANCH_MISSED,BRANCH_COVERED,LINE_MISSED,LINE_COVERED,COMPLEXITY_MISSED,COMPLEXITY_COVERED,METHOD_MISSED,METHOD_COVERED
javadaejang,com.java.observerPattern,Button,15,0,2,0,6,0,4,0,3,0
javadaejang,com.java.observerPattern,Application.new Button.OnClickListener() {...},8,0,0,0,3,0,2,0,2,0
javadaejang,com.java.observerPattern,Application,15,0,0,0,5,0,2,0,2,0
javadaejang,com.java.observerPattern.singer_crowd,Singer,21,0,0,0,9,0,4,0,4,0
javadaejang,com.java.observerPattern.singer_crowd,App.new Crowd() {...},42,0,0,0,8,0,3,0,3,0
javadaejang,com.java.observerPattern.singer_crowd,App,42,0,0,0,9,0,4,0,4,0
javadaejang,com.java.effectiveJava.item20,AbstractVending,18,0,0,0,9,0,4,0,4,0
javadaejang,com.java.effectiveJava.item20,BeverageVending,13,0,0,0,5,0,2,0,2,0
javadaejang,com.java.inflearnJava,MasulsaAgent,22,0,0,0,5,0,3,0,3,0
javadaejang,com.java.inflearnJava,Moja,5,0,0,0,2,0,2,0,2,0
javadaejang,com.java.inflearnJava,Masulsa,16,0,0,0,5,0,2,0,2,0
javadaejang,com.java.inflearnJava,Moim,4,13,2,2,2,4,2,2,0,2
javadaejang,com.java.effectiveJava.item13,Sub,0,23,0,0,0,8,0,3,0,3
javadaejang,com.java.effectiveJava.item13,IsArrayCopyIsDeepCopy,6,48,0,0,3,9,1,3,1,3
javadaejang,com.java.effectiveJava.item13,HashTable,7,0,0,0,2,0,2,0,2,0
javadaejang,com.java.effectiveJava.item13,Sup,9,12,0,0,4,5,1,2,1,2
javadaejang,com.java.effectiveJava.item13,Item13,19,0,0,0,6,0,4,0,4,0
javadaejang,com.java.effectiveJava.item13,HashTable.Entry,63,0,4,0,10,0,5,0,3,0
javadaejang,com.java.effectiveJava.item13,Stack,80,0,4,0,18,0,7,0,5,0
javadaejang,com.java.observerPattern.pub_sub,Application.new Subscriber() {...},41,0,0,0,8,0,3,0,3,0
javadaejang,com.java.observerPattern.pub_sub,Application,61,0,2,0,14,0,5,0,4,0
javadaejang,com.java.observerPattern.pub_sub,Publisher,31,0,0,0,14,0,6,0,6,0
javadaejang,com.java.inflearnJava.reflection,Book,26,0,0,0,10,0,5,0,5,0
javadaejang,com.java.inflearnJava.reflection,MyBook,3,0,0,0,1,0,1,0,1,0
javadaejang,com.java.inflearnJava.reflection,App,197,0,2,0,41,0,6,0,5,0
javadaejang,com.java.rxJava,HelloWorld,13,0,0,0,3,0,2,0,2,0
javadaejang,com.java.effectiveJava.item17,ForwardingSet,34,0,0,0,17,0,15,0,15,0
javadaejang,com.java.effectiveJava.item17,Complex,43,0,0,0,8,0,5,0,5,0
javadaejang,com.java.inflearnJava.di,ContainerService,14,35,1,1,5,10,2,3,1,3
